total_time,n_jobs
49.397727,4
57.076594,4
55.192875,4
178.455487,1
139.965826,1
156.752344,1
